Workbook

Sheet S1
A1: ID | B1: Description | C1: setSize | D1: enrichmentScore | E1: NES | F1: pvalue | G1: p.adjust | H1: qvalue | I1: rank | J1: leading_edge | K1: core_enrichment | M1: catagories | N1: -LOG10(qvalue)'
A2: WP_CYTOPLASMIC_RIBOSOMAL_PROTEINS | B2: WP_CYTOPLASMIC_RIBOSOMAL_PROTEINS | C2: 79 | D2: -0.73091458 | E2: -2.9939554 | F2: 1e-10 | G2: 7.37777777777778e-09 | H2: 5.3703704e-09 | I2: 1106 | J2: tags=77%, | K2: list=19%, | M2: =_xlfn.IFS(COUNTIF('S2'!A:A,A2)=1,"apoptosis",COUNTIF('S3'!A:A,A2)=1,"proliferation", COUNTIF('S4'!A:A,A2)=1,"Metabolism", COUNTIF('S5'!A:A,A2)=1,"development") -> #N/A | N2: =-LOG10(_C2_all_MsigDbGSEA_V2__5[[#This Row],[qvalue]]) -> 8.2699958
A3: KEGG_RIBOSOME | B3: KEGG_RIBOSOME | C3: 78 | D3: -0.72230735 | E3: -2.9493527 | F3: 1e-10 | G3: 7.37777777777778e-09 | H3: 5.3703704e-09 | I3: 876 | J3: tags=71%, | K3: list=15%, | M3: =_xlfn.IFS(COUNTIF('S2'!A:A,A3)=1,"apoptosis",COUNTIF('S3'!A:A,A3)=1,"proliferation", COUNTIF('S4'!A:A,A3)=1,"Metabolism", COUNTIF('S5'!A:A,A3)=1,"development") -> #N/A | N3: =-LOG10(_C2_all_MsigDbGSEA_V2__5[[#This Row],[qvalue]]) -> 8.2699958
A4: REACTOME_RESPONSE_OF_EIF2AK4_GCN2_TO_AMINO_ACID_DEFICIENCY | B4: REACTOME_RESPONSE_OF_EIF2AK4_GCN2_TO_AMINO_ACID_DEFICIENCY | C4: 84 | D4: -0.71621155 | E4: -2.9348095 | F4: 1e-10 | G4: 7.37777777777778e-09 | H4: 5.3703704e-09 | I4: 1094 | J4: tags=75%, | K4: list=18%, | M4: =_xlfn.IFS(COUNTIF('S2'!A:A,A4)=1,"apoptosis",COUNTIF('S3'!A:A,A4)=1,"proliferation", COUNTIF('S4'!A:A,A4)=1,"Metabolism", COUNTIF('S5'!A:A,A4)=1,"development") -> #N/A | N4: =-LOG10(_C2_all_MsigDbGSEA_V2__5[[#This Row],[qvalue]]) -> 8.2699958
A5: REACTOME_EUKARYOTIC_TRANSLATION_ELONGATION | B5: REACTOME_EUKARYOTIC_TRANSLATION_ELONGATION | C5: 83 | D5: -0.70884774 | E5: -2.9075382 | F5: 1e-10 | G5: 7.37777777777778e-09 | H5: 5.3703704e-09 | I5: 1094 | J5: tags=71%, | K5: list=18%, | M5: =_xlfn.IFS(COUNTIF('S2'!A:A,A5)=1,"apoptosis",COUNTIF('S3'!A:A,A5)=1,"proliferation", COUNTIF('S4'!A:A,A5)=1,"Metabolism", COUNTIF('S5'!A:A,A5)=1,"development") -> #N/A | N5: =-LOG10(_C2_all_MsigDbGSEA_V2__5[[#This Row],[qvalue]]) -> 8.2699958
A6: FOROUTAN_PRODRANK_TGFB_EMT_UP | B6: FOROUTAN_PRODRANK_TGFB_EMT_UP | C6: 77 | D6: 0.75250601 | E6: 2.8481192 | F6: 1e-10 | G6: 7.37777777777778e-09 | H6: 5.3703704e-09 | I6: 710 | J6: tags=55%, | K6: list=12%, | M6: =_xlfn.IFS(COUNTIF('S2'!A:A,A6)=1,"apoptosis",COUNTIF('S3'!A:A,A6)=1,"proliferation", COUNTIF('S4'!A:A,A6)=1,"Metabolism", COUNTIF('S5'!A:A,A6)=1,"development") -> #N/A | N6: =-LOG10(_C2_all_MsigDbGSEA_V2__5[[#This Row],[qvalue]]) -> 8.2699958
A7: WP_ELECTRON_TRANSPORT_CHAIN_OXPHOS_SYSTEM_IN_MITOCHONDRIA | B7: WP_ELECTRON_TRANSPORT_CHAIN_OXPHOS_SYSTEM_IN_MITOCHONDRIA | C7: 70 | D7: -0.70930242 | E7: -2.8464067 | F7: 1e-10 | G7: 7.37777777777778e-09 | H7: 5.3703704e-09 | I7: 1125 | J7: tags=70%, | K7: list=19%, | M7: =_xlfn.IFS(COUNTIF('S2'!A:A,A7)=1,"apoptosis",COUNTIF('S3'!A:A,A7)=1,"proliferation", COUNTIF('S4'!A:A,A7)=1,"Metabolism", COUNTIF('S5'!A:A,A7)=1,"development") -> #N/A | N7: =-LOG10(_C2_all_MsigDbGSEA_V2__5[[#This Row],[qvalue]]) -> 8.2699958
A8: FOROUTAN_TGFB_EMT_UP | B8: FOROUTAN_TGFB_EMT_UP | C8: 79 | D8: 0.74995703 | E8: 2.8430901 | F8: 1e-10 | G8: 7.37777777777778e-09 | H8: 5.3703704e-09 | I8: 710 | J8: tags=54%, | K8: list=12%, | M8: =_xlfn.IFS(COUNTIF('S2'!A:A,A8)=1,"apoptosis",COUNTIF('S3'!A:A,A8)=1,"proliferation", COUNTIF('S4'!A:A,A8)=1,"Metabolism", COUNTIF('S5'!A:A,A8)=1,"development") -> #N/A | N8: =-LOG10(_C2_all_MsigDbGSEA_V2__5[[#This Row],[qvalue]]) -> 8.2699958
A9: REACTOME_NONSENSE_MEDIATED_DECAY_NMD | B9: REACTOME_NONSENSE_MEDIATED_DECAY_NMD | C9: 99 | D9: -0.67841338 | E9: -2.8350893 | F9: 1e-10 | G9: 7.37777777777778e-09 | H9: 5.3703704e-09 | I9: 1267 | J9: tags=73%, | K9: list=21%, | M9: =_xlfn.IFS(COUNTIF('S2'!A:A,A9)=1,"apoptosis",COUNTIF('S3'!A:A,A9)=1,"proliferation", COUNTIF('S4'!A:A,A9)=1,"Metabolism", COUNTIF('S5'!A:A,A9)=1,"development") -> #N/A | N9: =-LOG10(_C2_all_MsigDbGSEA_V2__5[[#This Row],[qvalue]]) -> 8.2699958
A10: REACTOME_EUKARYOTIC_TRANSLATION_INITIATION | B10: REACTOME_EUKARYOTIC_TRANSLATION_INITIATION | C10: 109 | D10: -0.66768123 | E10: -2.8227521 | F10: 1e-10 | G10: 7.37777777777778e-09 | H10: 5.3703704e-09 | I10: 1269 | J10: tags=66%, | K10: list=21%, | M10: =_xlfn.IFS(COUNTIF('S2'!A:A,A10)=1,"apoptosis",COUNTIF('S3'!A:A,A10)=1,"proliferation", COUNTIF('S4'!A:A,A10)=1,"Metabolism", COUNTIF('S5'!A:A,A10)=1,"development") -> #N/A | N10: =-LOG10(_C2_all_MsigDbGSEA_V2__5[[#This Row],[qvalue]]) -> 8.2699958
A11: FOROUTAN_INTEGRATED_TGFB_EMT_UP | B11: FOROUTAN_INTEGRATED_TGFB_EMT_UP | C11: 47 | D11: 0.81110925 | E11: 2.8097289 | F11: 1e-10 | G11: 7.37777777777778e-09 | H11: 5.3703704e-09 | I11: 660 | J11: tags=64%, | K11: list=11%, | M11: =_xlfn.IFS(COUNTIF('S2'!A:A,A11)=1,"apoptosis",COUNTIF('S3'!A:A,A11)=1,"proliferation", COUNTIF('S4'!A:A,A11)=1,"Metabolism", COUNTIF('S5'!A:A,A11)=1,"development") -> #N/A | N11: =-LOG10(_C2_all_MsigDbGSEA_V2__5[[#This Row],[qvalue]]) -> 8.2699958
A12: REACTOME_SRP_DEPENDENT_COTRANSLATIONAL_PROTEIN_TARGETING_TO_MEMBRANE | B12: REACTOME_SRP_DEPENDENT_COTRANSLATIONAL_PROTEIN_TARGETING_TO_MEMBRANE | C12: 98 | D12: -0.66532084 | E12: -2.7850315 | F12: 1e-10 | G12: 7.37777777777778e-09 | H12: 5.3703704e-09 | I12: 1267 | J12: tags=70%, | K12: list=21%, | M12: =_xlfn.IFS(COUNTIF('S2'!A:A,A12)=1,"apoptosis",COUNTIF('S3'!A:A,A12)=1,"proliferation", COUNTIF('S4'!A:A,A12)=1,"Metabolism", COUNTIF('S5'!A:A,A12)=1,"development") -> #N/A | N12: =-LOG10(_C2_all_MsigDbGSEA_V2__5[[#This Row],[qvalue]]) -> 8.2699958
A13: REACTOME_RRNA_PROCESSING | B13: REACTOME_RRNA_PROCESSING | C13: 182 | D13: -0.6077747 | E13: -2.7588944 | F13: 1e-10 | G13: 7.37777777777778e-09 | H13: 5.3703704e-09 | I13: 1613 | J13: tags=66%, | K13: list=27%, | M13: =_xlfn.IFS(COUNTIF('S2'!A:A,A13)=1,"apoptosis",COUNTIF('S3'!A:A,A13)=1,"proliferation", COUNTIF('S4'!A:A,A13)=1,"Metabolism", COUNTIF('S5'!A:A,A13)=1,"development") -> #N/A | N13: =-LOG10(_C2_all_MsigDbGSEA_V2__5[[#This Row],[qvalue]]) -> 8.2699958
... A3985: REACTOME_DISEASES_ASSOCIATED_WITH_GLYCOSYLATION_PRECURSOR_BIOSYNTHESIS | B3985: REACTOME_DISEASES_ASSOCIATED_WITH_GLYCOSYLATION_PRECURSOR_BIOSYNTHESIS | C3985: 10 | D3985: 0.15019139 | E3985: 0.35301771 | F3985: 1 | G3985: 1 | H3985: 0.72791165 | I3985: 2431 | J3985: tags=50%, | K3985: list=41%, | M3985: =_xlfn.IFS(COUNTIF('S2'!A:A,A3985)=1,"apoptosis",COUNTIF('S3'!A:A,A3985)=1,"proliferation", COUNTIF('S4'!A:A,A3985)=1,"Metabolism", COUNTIF('S5'!A:A,A3985)=1,"development") -> #N/A | N3985: =-LOG10(_C2_all_MsigDbGSEA_V2__5[[#This Row],[qvalue]]) -> 0.13792133

Sheet S2
A1: 凋亡
A2: PHONG_TNF_RESPONSE_NOT_VIA_P38
A3: LIU_PROSTATE_CANCER_DN
A4: MITSIADES_RESPONSE_TO_APLIDIN_DN
A5: KOBAYASHI_EGFR_SIGNALING_24HR_DN
A6: JINESH_BLEBBISHIELD_TO_IMMUNE_CELL_FUSION_PBSHMS_UP
A7: GARY_CD5_TARGETS_DN
A8: PHONG_TNF_RESPONSE_VIA_P38_PARTIAL
A9: REACTOME_APOPTOSIS_INDUCED_DNA_FRAGMENTATION
A10: COLLER_MYC_TARGETS_UP
A11: ZHANG_RESPONSE_TO_CANTHARIDIN_DN
A12: DAIRKEE_CANCER_PRONE_RESPONSE_BPA_E2
... A25: CHEMNITZ_RESPONSE_TO_PROSTAGLANDIN_E2_UP

Sheet S3
A1: proliferation
A2: TARTE_PLASMA_CELL_VS_PLASMABLAST_DN
A3: CHICAS_RB1_TARGETS_CONFLUENT
A4: SCHLOSSER_MYC_TARGETS_REPRESSED_BY_SERUM
A5: MUELLER_PLURINET
A6: LI_WILMS_TUMOR_VS_FETAL_KIDNEY_1_DN
A7: FERRANDO_T_ALL_WITH_MLL_ENL_FUSION_DN
A8: BORCZUK_MALIGNANT_MESOTHELIOMA_UP
A9: PETROVA_ENDOTHELIUM_LYMPHATIC_VS_BLOOD_DN
A10: LEE_LIVER_CANCER_SURVIVAL_DN
A11: MALONEY_RESPONSE_TO_17AAG_DN
A12: LI_AMPLIFIED_IN_LUNG_CANCER
... A50: SENESE_HDAC2_TARGETS_DN

Sheet S4
A1: Metabolism
A2: REACTOME_SELENOAMINO_ACID_METABOLISM
A3: MOOTHA_HUMAN_MITODB_6_2002
A4: REACTOME_METABOLISM_OF_AMINO_ACIDS_AND_DERIVATIVES
A5: MOOTHA_MITOCHONDRIA
A6: MOOTHA_VOXPHOS
A7: MOOTHA_PGC
A8: ZHANG_RESPONSE_TO_CANTHARIDIN_DN
A9: SOGA_COLORECTAL_CANCER_MYC_UP
A10: MATTIOLI_MGUS_VS_PCL
A11: WP_VITAMIN_B12_METABOLISM
A12: ROZANOV_MMP14_TARGETS_UP
... A28: KEGG_ALANINE_ASPARTATE_AND_GLUTAMATE_METABOLISM

Sheet S5
A1: development
A2: NUYTTEN_EZH2_TARGETS_UP
A3: CAIRO_HEPATOBLASTOMA_CLASSES_UP
A4: CASORELLI_ACUTE_PROMYELOCYTIC_LEUKEMIA_DN
A5: REACTOME_ACTIVATION_OF_ANTERIOR_HOX_GENES_IN_HINDBRAIN_DEVELOPMENT_DURING_EARLY_EMBRYOGENESIS
A6: LI_WILMS_TUMOR_VS_FETAL_KIDNEY_1_DN
A7: LIU_PROSTATE_CANCER_DN
A8: RODRIGUES_THYROID_CARCINOMA_POORLY_DIFFERENTIATED_UP
A9: LINDGREN_BLADDER_CANCER_CLUSTER_3_UP
A10: LEE_LIVER_CANCER_SURVIVAL_DN
A11: RICKMAN_TUMOR_DIFFERENTIATED_WELL_VS_POORLY_UP
A12: HUANG_DASATINIB_SENSITIVITY_UP
... A44: LUI_THYROID_CANCER_CLUSTER_3
